Customer_ID,Gender,Age,Location
b8c5d81e-d165-485d-87d2-863fe2078d9d,Female,57,South Rachelborough
e45a7fc8-68de-40dd-93d5-77c9cf3cb29e,Female,47,East Richard
6d6d9fb7-5e6d-44c6-9d9e-03c35d033856,Female,51,West Sandraburgh
984b6233-db7b-4186-a830-39a4e5295587,Male,28,Port Christopher
8d9af367-fb50-48e6-8f68-70e0195177be,Male,60,South Richardbury
eec9162b-18b1-46c7-b9f9-69f89ec60f5d,Female,24,Michaelburgh
e98e881c-e87f-4a3f-8b73-7665098cdf2d,Male,42,Port Leslie
bbb4a436-e29e-4bd1-b809-7699fb6746ac,Female,30,South Emilyburgh
1ea95e95-b06b-4277-b116-fbc74e29940b,Male,57,Christinafort
df7ba038-a198-44a6-9d56-d0bfeaea39a7,Female,63,Carterborough
89cd3b2a-1bb8-4560-a14f-6bb6d1d2371c,Male,26,Timothymouth
77252e6e-5566-4dbe-9ce3-ab77cef99676,Female,68,Kaylahaven
2d8ee112-e98e-4b28-81ec-ef95defda3cc,Male,35,Mauricebury
8d0026fd-794f-4837-a1c0-37dcf4ffa345,Male,44,Greenborough
7f9bf2d4-85a7-42d5-bfd8-15f2e97be08e,Female,57,Fergusonland
0a91f120-e06e-4461-9a29-6d9d4f85f5ab,Female,56,West Carriebury
d900fc1e-1432-433a-9442-a8e51eeb8d9a,Male,42,Antoniofort
e6e4cdb6-a0e0-4e26-906e-b4728d3c6c98,Male,18,South Lee
4cf03ff6-8017-47d5-8948-a3503b27fcba,Female,43,Davisstad
f8703482-0a02-4c88-aa04-e6328ee19341,Male,22,Port Brandon
63b2f9bd-329e-482c-a75b-1473cbfd4d4e,Female,23,Kevinville
06453609-8968-4e37-bf27-021d917dc278,Male,63,Williamsbury
915795b1-1500-4963-b886-f32b8b20a76c,Male,63,Lake Melissa
ac7ae344-1810-4dce-8b9e-a0075d5e9e54,Male,68,Andrewview
a625ab28-028b-4ce6-9094-956caeaa460b,Male,22,New Lauraville
ca8659b8-b617-43ec-aee5-3fa63f0a89fb,Female,52,East Maryberg
09ff3122-9eb2-4d0b-a05b-bd9c85023ac6,Female,50,West Steven
26b0c8fd-7432-4db0-b02d-d5e586cc548e,Female,38,North Matthew
35efebed-e15c-441e-a751-e66c3f84d1fc,Female,30,Lake Devin
ba820031-214e-48cd-9937-2ff94ea1e6fd,Female,57,Port Manuel
50136e41-5526-4dff-b48f-92b53754c93c,Male,30,New Rickyhaven
786aaa45-2f14-456d-a9d8-205a8116c186,Female,69,Thomasfurt
245874d9-7b39-4926-95f2-0690e22e730b,Male,22,North Bryan
803d21ec-90ca-463f-8e24-6fcf50bb4606,Female,41,Port Maria
ae1ce7d9-83ea-4366-98a2-7f7d56868389,Male,62,South Robert
313776d3-a734-4d02-9a55-36ad7bcd5eea,Female,56,Mcphersonborough
3c401bca-8b94-41ed-879a-7e3a6cde50df,Female,58,Port Davidberg
95afb19a-60d1-4183-bca1-d077deedeb8b,Female,50,Jessicaville
ca9a11fd-b242-4d8a-a913-f45eb3c442c5,Male,31,Millerstad
c5832440-ff5f-4d2f-b430-ba2c9358a1d6,Male,39,Penningtonville
32195902-4215-4d16-9d5b-4b4d3567a7b2,Male,45,Hillchester
2d0fb23e-0f93-4485-9d75-b67cd366594e,Male,22,North Nathaniel
784a4baa-0604-47b5-9928-e96e1216f81b,Female,22,Elizabethberg
2763d596-f888-4b88-bed9-b57b12acccd8,Female,45,South Jennyfort
22657bf5-051f-4ce3-aba6-0febed2c1b12,Male,63,East Thomasville
11e5c707-f9d7-4bf3-a2ae-351d5a61d549,Male,53,Bruceburgh
e3b4accb-919a-4985-9cc9-737a639ad4e4,Female,60,Derrickhaven
8b454b43-b623-44bd-a725-3ab84b62b2d1,Male,24,Maddoxburgh
ad093d28-8222-4219-91f4-dd456a8e8190,Female,54,Lake Peterborough
d516ca95-df72-4352-a1c0-f7facaf4bf9d,Female,32,Lake Stephanie
ea6cf8c4-0143-410a-9bdb-b5c1d11a3cf8,Male,36,Barnettport
fdd2b0cf-d29a-49f5-85a3-1ef3c6137ff6,Male,39,Myersberg
f10465ab-27e5-4e8e-8450-0840578f1c5e,Male,66,Ortegafurt
f3cd6eb6-dde2-4cfa-9dab-4f5040e5e3cc,Male,61,Johnsonhaven
5ccfc241-9814-4944-b966-ec6d7f43fe5b,Female,28,Michaelmouth
49b4ab1b-5a7b-488b-a6c4-8973a105594c,Female,22,Harrisland
331a42c9-12a1-43b3-854a-a50eafde655a,Female,19,Wardside
45af4000-9151-424c-963f-9a93fbed2f2b,Female,23,Hopkinsstad
565e9eba-2b64-4d3a-8a72-4575f7697143,Female,56,North Nicholasfurt
51d73b70-bfde-4eab-90f8-39c4c1aeedcf,Female,24,South Brendahaven
ecfc16a0-72cb-4b07-86e8-cca97a47d96c,Male,42,Port Sheila
f1752f12-754c-43ab-bec8-5388c7ee03c1,Female,60,West Julianview
bd5237f0-3a56-4bcc-895c-8b81cbd8056b,Male,40,Bobberg
f2be40a5-2e20-4ba0-87ef-da6cd6b51075,Male,54,Whiteborough
9309b2fa-5f98-4250-a3cc-36d0a1d08b8f,Female,34,East Lisa
e99a3de0-0186-45a3-9990-98ace12a4c25,Male,44,Port Gordon
d9154599-6f6e-46ac-b8ae-517fd61d8f50,Female,64,Port Jessica
b13e501b-b38d-42cb-9227-b66917d5956b,Female,43,Morrismouth
6c9ba078-a084-4d54-a0bd-f3c7a2d0c0fa,Female,70,Patriciaburgh
4cb3c315-aa03-4cf7-8869-bbac1af2a6c8,Female,40,Port Ebony
3b82bd9b-513d-49b6-af0e-f4a99c639473,Male,54,East Brookemouth
55ab2fce-c96f-48a7-97b0-554e167de054,Female,24,Walshburgh
6e8ff9e9-8a7a-4b52-b81b-bb80132bb4be,Female,31,West Amandaberg
11c50eb0-0062-4343-9f75-02d4fe7feccb,Male,41,West Craig
29f5cd47-c2fa-4e35-9341-7353440a6088,Male,64,Johnsonport
c4ec3fee-9dc2-4632-ba5d-304ea80e393c,Female,55,Harringtonbury
2cff9656-4bfd-4f11-a7ac-99bbebb18a33,Male,68,Anthonytown
8c56187f-6a54-4b39-9ca8-6b9a6d9d09fc,Male,50,Cynthiaport
4119e15c-9847-4e3b-b41f-94201ec44fd7,Male,21,Mirandaview
82e81ef7-1028-4cdc-a5ae-a2e22c05709f,Female,27,Port Samantha
cb67739a-b9d5-418e-82b5-31ddf5caad32,Male,53,West Jessicastad
d36bbfb1-defc-4eb0-8b5e-bdac8dfa1829,Female,34,West Williamport
6f8a7458-de90-4fee-8919-8431b264cd4c,Male,47,South Richardborough
602cb32e-2fed-4bf4-9eda-4669b9353119,Male,22,Ambershire
95d7506f-5a59-4c15-bdeb-97708b53fc3f,Male,51,Collinstown
c740ed21-982a-47df-90df-1db1392e0d9e,Male,37,Ralphhaven
2fd3477f-2ad2-4f73-980b-c0d4dd3a203b,Male,56,North Craigtown
20b912b6-ec22-45dc-933e-39f958c7960e,Female,61,Wigginsmouth
8cd4a5a2-442d-4fc2-83d0-12e4a1eff278,Male,57,East Anthony
72fb955a-f7dc-40fc-b67e-93c3270203d8,Female,38,Bryanfort
caf1e64f-b1de-40ae-88da-d04e694b452d,Female,38,North Reginaville
847239fa-c642-45a2-8655-dda58d9a95ea,Female,42,Smithburgh
aafab814-d764-4cb0-8171-ad616a45e483,Male,20,Scottport
d99051a4-f247-4a01-86df-c9e73d1fe68c,Female,22,New Jason
c2c31c65-ce43-48e7-a50c-5f25b358a473,Male,59,Jasonton
6d0fd25e-03dd-4fad-9e67-a4a43c4dcdfa,Male,39,North Toni
28cda1bf-58ab-43dc-8808-0cda50f2d81e,Male,59,Castilloland
748595cc-135f-40d7-bb78-ec5e50e93a81,Male,33,West Ashley
a0e89c48-5f80-43c8-87c9-9d7134076184,Female,62,East Robinton
c4b90bc3-7128-4403-a9d9-ec09e1dff492,Male,63,West Alexandra
c7035c29-05e0-423b-95f0-dcf5e5d11407,Male,25,Jeffreyside
312a7fa3-c00a-46d1-b000-212c4e5d14e2,Female,63,New Angelatown
9191c537-04ed-4e82-9c89-651a539a82bb,Female,29,Johnbury
80735d97-8669-4eea-b14b-f5faff4a8e52,Female,70,Garymouth
6abbb1e9-18c7-4870-9450-27dc9e73585d,Male,33,Aguirreland
6e28dbfc-40c6-45f9-b086-cfc2f59908dd,Female,47,Washingtonmouth
4184d81f-4256-407b-9f60-69439265c3e9,Female,69,East Stevenland
cd957323-8282-4202-9ffe-fdd4573b6892,Female,26,West Belindafort
e48d1e2f-fd2b-408e-b952-0b0b232c8696,Female,58,Lake John
3e240a04-4054-4511-b968-34431bff7cbe,Female,31,Cummingston
abeafb11-0bf9-49a2-8e8e-e16dc87b6521,Female,22,Rhondachester
cae06283-7e39-4a70-b305-d80f867742cb,Male,19,Mcintyrestad
5ca02ef5-ae70-4011-957c-8e10b636fd21,Female,37,Obrienmouth
9c4f3100-92bc-4a8d-b5f7-8dc603e071ce,Female,47,New James
2b93a698-c84a-4b8d-9f9f-01e78b162dab,Female,28,South Brenda
7836ba8d-161c-4261-9ca9-c36f474d2747,Male,40,Richardside
ac2ab55b-9ca0-4cf3-9a27-bb5aa50646b8,Female,45,Port Joanne
3bc07564-4105-4a33-b1ab-d46036bb7673,Male,37,Simonburgh
a3393ac3-1bed-454f-954c-f3597001cd55,Male,24,East Michelleborough
5e9f0a84-4747-4851-94d6-1996d7eadc6e,Male,22,Russellburgh
bb1a0097-6f51-4deb-a1f8-b980f87046b1,Female,41,Jenniferstad
51a185d4-deec-4413-abd5-3d17affceec3,Male,38,New Hannahstad
34de2b87-a710-4eb4-86f6-13a138a873af,Male,45,South Courtneyville
46c4a327-a230-4e71-9917-db719c34c4d1,Female,22,Williamview
b1c75263-a854-4f89-b75f-33ba07c66ea3,Male,43,Port Danielview
51b81390-d842-4ff1-a9e1-32cb6c8a8fdb,Male,36,North Brittany
f8b84d98-f231-4808-8587-064cbcc8af68,Female,37,New Melanieland
db0a46b8-79fe-4835-8612-cbeedacc501b,Male,31,Melissaberg
a4ff649a-37df-4fd1-a58f-64280b900275,Female,50,South Barbaramouth
62285967-e6f2-40af-bc14-fb71bfdb2388,Female,51,Reidbury
f8e6ae50-7f9e-4c76-91f6-0c444c8b5dc8,Male,62,Port Cynthiaborough
df643ec9-b47d-485c-ae95-4eb6aad6f280,Female,67,East Michael
7295f888-2974-48a9-beda-ff0a80f0c61d,Male,46,West Michelle
24a4a46d-7e3c-4dc2-a030-891ada048bee,Female,57,Port Cassandraport
a36b8c65-c18c-4958-a483-3149087bfeae,Female,59,West Matthew
1c664826-4e19-4a46-92c8-6b53dac2a8a3,Male,64,North Arianaburgh
8338da61-2303-486a-b5e2-23b5f19729f2,Female,42,Aaronburgh
5e991a15-58b4-455f-8dd4-ab7aa5cf4276,Male,21,Caseyfurt
3cc0525b-e849-413f-af11-244e5b1a0f02,Male,40,Kelseymouth
ea1bdc86-9531-4a9f-98a8-8c9c9f02fb56,Female,35,West Jessica
f24c4267-982f-4877-8716-6926f51992c1,Male,49,Lawrenceview
3c68a4ae-c4c8-4c54-bde7-ad1364d5c77c,Male,62,East Michelle
a2b198fd-c91d-414e-a660-a2e48cc13855,Female,33,Catherineburgh
945dc0a6-6d8b-4afd-91c4-d7e1a5e7602f,Female,51,Paulside
9abb9ddc-040d-4edd-9b7e-1bed77eee2fe,Female,60,Desireeville
ec10b662-4535-4193-a23b-2191ef65c86f,Female,19,Bryanchester
4bf3a846-9653-4761-96ee-609546c31340,Male,41,Watkinsmouth
0834144d-972e-46c6-9dc7-a2ca1dd0bde3,Male,33,North Brian
256cfa58-a0fc-43e6-9559-684fdc8993d1,Male,68,West Heidiview
22b1ebee-07c4-4f46-ab6a-40043122ae49,Female,37,East Michael
7628fa61-9960-4f6e-8e60-0fb8d1d5784d,Female,60,New Debra
3642ad42-c86f-43ff-a424-3e2f0ee3c368,Female,31,Lake Amanda
f0331daa-f48c-47f6-a8a6-90d0fae4c72b,Female,32,Loriville
6ec362b7-c8c0-44cd-ac9e-f8711d5b2f7b,Female,21,Lake Wandaland
2f6aedb5-bb81-40e6-af3f-776bde05b4b0,Male,27,Heatherport
140628b7-cbb6-45e8-ace4-75c5bfa18c95,Female,38,North Steven
eff7541b-6d11-47bd-b7bb-cd32909a9540,Male,68,Lucasshire
e7cef43d-6d01-4bef-a308-708ee74ad3c3,Male,56,Danaland
2d1b4d7a-e3e8-4b1b-b2b8-7913eb13e352,Female,25,North Shannonfort
41677c61-3038-40fc-bd0a-de814c886d19,Male,67,East Veronica
f5cb81f9-d06c-449a-af68-4339a5c129ed,Female,39,Kathrynstad
51c636f6-9416-4126-bf7b-11de7b08c2e8,Male,58,Jacobbury
10f20ac1-1de1-4244-bd92-179b7d459fb0,Female,35,Nicholasville
957d3aed-ea29-488c-8105-b959acb4b41b,Female,45,Port Nancy
51280e95-846c-4259-8825-5ce23be5522b,Female,19,Tylerfort
cddc0beb-5816-4905-a94a-85f53a5615e3,Male,44,West Kristin
41fa9c90-e0f9-4f63-99ef-4ba3fb9d240b,Male,55,East Susanmouth
3862fab2-b911-4184-8a9c-766ee97246bc,Female,27,Morrisonside
23a7af42-2e5d-4067-86a8-a2416cb150ec,Female,28,Port Kayla
c58ed79e-d571-4b5f-bb34-7a143505343c,Male,62,West Duanehaven
3ac2a37c-b9d9-471f-b4de-2c8a75bd8615,Female,53,Velezton
9ad877c8-4a94-4866-9907-d38895ad2267,Female,39,North Ashleychester
78413cfc-45af-44b6-933c-f0bac31e3ae5,Female,41,West Jennifer
ddb21641-d9a7-4eee-923a-6f2be91695d4,Male,26,New Mary
ca9c37d7-e867-4021-b55b-34bcbe08fe45,Male,49,West Calebside
ebdee40b-a5f4-4327-b29b-96f904a8533c,Female,47,East Victormouth
883ee88d-cc61-4b67-98bf-3bb5324c62fd,Male,30,Gonzalezborough
b2d1ceb8-a71b-4187-a54c-0af7f4910d7b,Female,62,Port Crystalstad
8a064a56-1332-49fb-b82a-a4c790bdb935,Male,62,Port Eddie
3d3fd9f2-c2bd-4829-a4bb-2b227c15cb18,Female,29,East Markmouth
f0f95c6d-beb9-4824-bd96-5f28af42f78f,Male,39,Kennedyport
a6d5a73f-b62c-4607-95ce-0622a9e57b88,Female,65,Port Douglasland
41861722-dc79-4cfd-967d-23cbf8e9638b,Male,60,Normanport
cb66d490-7d28-478f-b9d2-2d81e449cf23,Female,44,Lake Lisaville
96b491f7-2dfe-4cdb-9241-df4ca948d298,Male,52,Robintown
e641627e-a711-49fa-bd9b-d8dc9619ca71,Male,35,Port Williamborough
a4d26d88-5ccd-48d4-99db-e263fb4a5dab,Female,34,Gracemouth
2d4956bf-e795-45a3-a5fc-50ee39274b58,Female,57,Harrisside
adc74dbe-173f-46be-9d66-f1e0f48a52fa,Female,65,East Luke
cbf0e6c9-9c34-40b9-91b4-e0b66c19dce9,Female,62,Kingburgh
85b19c98-f7d9-4d72-bbbf-0d208f15860b,Female,27,Douglasville
cc971fc4-1af0-41ee-ba78-c1bfb43271f2,Female,36,Gregoryport
4ba52e72-129a-4577-9940-a9890bc4bd2c,Female,21,Nicholston
ed8b4aa1-1e90-4ec8-bc91-c2461446cbba,Female,33,Port Stevenshire
a94a0450-00df-447f-8816-1951eea4e6cd,Female,53,South Matthewton
f65f1b5f-e034-47ea-8dd6-c1df4a60abab,Female,28,Amyside
46d37c07-dfcc-4865-8202-73d637e4813f,Male,28,Michaelport
78f6239b-cb7d-4aeb-8bd8-f8fd47c4ddc4,Male,23,Norrisland
a4dfb500-b829-4e00-98e0-cd899b48b7f7,Female,60,Nelsonberg
83f12c08-e197-4503-960f-6bb54ed27cc2,Male,48,Watsonfort
383c40aa-5817-485f-b49f-34d6a435d588,Female,53,Port Robert
22bfa214-748d-415c-9c93-b63d33b4b4c0,Male,33,Carrollfurt
b65328c7-4020-4d86-9c37-4cdd9bc7da44,Female,26,Lake Thomaston
c7bed162-6df1-4330-ba97-53a08f79d392,Male,23,Jameshaven
0b4a4995-7b1d-4a9d-a2c9-5a05a33187fd,Female,51,Michaelport
a39729d1-55b9-4455-adb3-536709baf12c,Male,52,Lake Jonathanville
10690b5f-2042-419e-85fb-7f1f76c2c8d2,Female,18,West Danielland
92f1df85-7039-47aa-b5ed-28f6420c7119,Male,25,Port Caroline
9097fa24-8851-4a6a-b1d3-e157f70025ac,Female,20,Hernandezmouth
3b9377e8-132a-40ff-a888-9259e353656d,Male,45,Garciafort
04ac7910-f488-4bc6-8b0f-43123c894376,Male,43,North Michael
67c2247d-e66b-4c93-8379-e218fc95487e,Female,65,West Sara
0593b658-2204-46a8-8c7d-b9992812ebe7,Female,59,North Lukemouth
6678f104-5a9c-428f-b962-59a5399906f6,Male,44,Hayesport
a76f66f2-a0d6-4a84-a782-238e0031d277,Male,70,Matthewland
86d3f510-bc49-489e-a449-8ba6332a398d,Female,21,Lake Tyler
9f467a19-3fe3-44e2-b8bf-6deab34bf703,Female,34,Johnchester
5ad1ef0c-b894-4c4d-af79-d456707d2311,Female,32,New Patrick
01edb965-563c-485f-8bbb-2b1656e7c586,Female,25,East Ashleyview
d4f1cb44-1bdc-44df-84fb-8e17ead48434,Female,60,North Dana
bdbab30b-76a8-4585-bff1-62759ae43fff,Male,21,New Teresa
7144fdf9-3a55-40f6-97b9-f4d3ae4ae84d,Male,62,South Cheryl
b20bed27-897e-4fd9-9b49-8415c172c646,Male,52,West Travisville
7d5d4588-8283-408e-89b7-2107aa827dd3,Male,18,Peterton
68ea0c9d-8bb2-44eb-95f4-bac032594e97,Female,34,East Mary
0005b08b-bc0a-4572-b8ff-be2283145075,Male,27,Shepherdview
302a515a-42b9-4f05-8a6c-bfba10102aa9,Male,37,Fieldsshire
f3da5fa7-fae5-4a3b-817b-0d40f0e6f3e3,Female,38,Jasonstad
51173124-fbce-4444-8e9e-64c5fde240f8,Male,23,Michaelburgh
998f7666-98bc-41ba-a3fa-cd8adc24f088,Female,52,East Elizabeth
5dc120c1-5844-4797-8851-6f40bb95fc46,Male,31,East Christopher
9fe497b5-b0f3-4ebc-957a-9450d5383b58,Male,20,Jennaside
57d735dc-1f82-4c87-9251-315eada5c7a9,Male,38,Rivasview
57192671-7ce4-42e5-9b57-ccd795d7fdef,Male,51,Martinezborough
42bd5853-445c-4a87-82ed-58599334d6d7,Female,66,Laurenshire
50540101-4a3f-4c51-8e86-2eb2620f8623,Female,18,Lake Dariusside
5edade89-c27f-48f5-9837-ef5a34dc3b56,Female,22,Russohaven
d40f2d21-fecc-471c-b5f7-4dfb50e8adf1,Male,54,Marychester
dd9a840d-a4c5-4429-ab4d-d9b6737993cf,Male,46,North Michael
4916d9a9-4243-430a-a8ea-05bae6c3d4c6,Male,48,West Lorraine
cc37207b-3868-43b5-9aa8-7f85c0ceedcd,Female,54,Michaelton
384fc69e-9a9a-43c0-90c1-82274b72fe9d,Male,50,Port Janet
951c6df0-e51e-44b5-ada8-38051c8174b0,Female,65,Lake Bradleymouth
e99dc0a4-9694-4e5d-a4e7-b56d3cb4af3a,Female,63,South Robertland
3b3b93a0-9931-43f7-9c3a-dfb36235b0b1,Male,24,Sherylfort
ba2073da-96ff-48f3-afe0-d04ccaf394db,Male,63,Williamsport
78b82a0e-3357-4dc5-9f5a-f9232f1c0ea0,Male,51,Lake Lindaburgh
e43f7c92-d96d-4d57-b2c3-47eb6b114396,Female,22,East Matthew
8b4a3307-1f23-4da8-b2c2-0648a97f99c3,Female,67,Andersonton
1c17c981-8d37-4a21-826d-0db1a844ad22,Male,51,North Carolynstad
b1fd6b98-d5d0-4fb2-8268-63f697c7405e,Female,41,Warrentown
8ef354e8-e8af-4528-b2ca-4e89666ee8bf,Female,20,East Martha
03423de9-f89a-4ea6-ac48-c8ede1618e8f,Male,35,East Emilyshire
34e60263-e5f8-4ac9-ad94-015b59c9db48,Female,18,Jamesstad
80749478-ee3c-4ae6-9b0a-bd0abd7624a2,Male,60,West Allisontown
cf8f4da3-beec-4c4b-a300-09fc3b68e02a,Female,27,South Brooke
343819e9-5ca5-4a91-9ec9-bc82da4c60b5,Male,36,North Aaron
0df97df3-03a7-4329-aeab-5ad4cd8282ea,Female,56,Ashleyborough
dbdbd47d-fcb2-483a-8c22-bc0c3e86393a,Female,33,Wangport
84f27c89-6e93-4432-b765-2643c7712014,Male,27,Davidtown
5783e7a0-8a62-456a-956e-f4e4a6d6aa8b,Male,33,East Crystal
4946a886-1b53-4da5-98d9-d7de883e264b,Female,38,Lake Andrewborough
f26fbd8b-31eb-48b4-9625-58427d986b6b,Male,56,South Amyfurt
c4e4040d-a541-4223-9b9d-7d2420947d4b,Female,39,East Ricardobury
d07cebb4-b5c0-4874-9a84-72f2d9e5c388,Male,64,North Brandonbury
7c15034a-373f-46f8-acef-4c93b8be8d4d,Male,32,Bellton
1a94b63c-2ac1-4bad-9d97-dcccffad2883,Female,26,Lake Stacy
00606294-3e96-410d-8433-8a6ebea7c2ee,Male,31,North Courtney
37a3487c-c877-4746-98af-d9fd8f708973,Male,65,Snowstad
33842aa5-64bc-4e28-834b-951eb97465e3,Female,70,Higginshaven
9e78609b-d2c3-44d6-a537-6a991b26d8bc,Female,66,North Thomaschester
8ee49fee-6546-4cd5-af69-400defd0211d,Male,67,Erinview
81b69276-c752-4e0b-9754-78b10344c4f1,Male,19,Mcbrideborough
cf877d7c-ebc0-4e09-87ad-66df1fcaa918,Male,27,Port Kevin
e8b7224c-5d7d-4f5d-9995-b5eaa35e575c,Male,61,Brownbury
b39f2900-0da3-48f3-85cb-68efbaca5bdd,Male,21,Johnston
afdec154-7e86-4b79-8b22-407c44277ed5,Female,31,South Georgetown
59a325e0-511f-4fcf-9d90-c33eceaf6793,Male,26,Lake Riley
01f42dac-bc92-494f-8e92-aad9ff58aeaa,Female,39,New Kathrynmouth
03526795-6ee2-4047-953c-fa334b040bb2,Male,34,Staceyberg
a48032c0-7e98-41b0-a325-a738a7fe1224,Male,53,East Stephanieborough
25702fbb-0b2a-4c52-be22-0ff7b370e9a8,Male,23,Port Bryanmouth
48193118-8cfb-435d-add1-ac9e61b452b6,Female,68,West Ashleyland
6cbca5a6-01c2-43bb-b735-6ccaf81170cc,Female,24,Mccarthychester
a0746493-f6dd-4076-ad62-6ae6f270e2b7,Female,28,Richardsberg
23f88ba3-e3c0-4c39-8191-108cee975875,Male,27,Port Sandra
6c07d24b-0a58-4a04-9db9-caf516309ca9,Female,39,Wardfurt
94d0a3fa-b36e-41ba-af13-1d5df74a0519,Male,42,Whitneychester
b1cfead9-94af-4c86-8ce8-441161b34a5d,Male,69,East Jeffreyburgh
33037784-ba63-4732-9ae9-86ed3bdb15ef,Male,22,East Erikatown
75a2c456-7b3c-4011-97a2-1d92a2a84da6,Female,37,Port Cherylberg
b1d442f3-d116-44f6-aca5-763e190267e0,Male,60,North Cassandrafurt
fbb7e2a9-b2cf-46c6-986c-6d3ec59ad92e,Male,62,Youngport
e64796be-be21-481f-a113-2b94dcbde772,Male,52,North Terrifurt
74d71e58-07bf-402f-bd4c-9923ebdb8834,Female,56,Johnstad
1e95be50-734b-435f-a4c4-10337adf9c35,Female,68,Hortonmouth
2dd6ccf6-1d57-4fa8-8cab-571199c98635,Female,66,East Bridget
e165ab86-8905-47a4-ae5c-cef73aa1606c,Female,29,Shannonland
ff0c48d9-2848-4237-af24-032be21ed551,Male,29,Floresmouth
2892e253-20d7-4506-892d-c5733adf67da,Female,67,Port Elizabeth
3a1f4211-bb4e-4380-97e8-5be78e6698c7,Male,56,Michaelberg
c0251ef7-8c2b-478e-8300-2ce8c5575ce4,Male,53,Lake Elizabethland
f6c0e9a5-ec3d-4628-b54f-2c9330b84cb2,Male,33,Walkerside
47df407d-5fd6-473a-b616-9d5e3bed89b7,Male,33,Phelpsshire
db47c3fb-8b70-476c-8970-aa9276ffda1e,Female,67,Thompsonburgh
ed16263f-bbc3-4d72-aefa-fadb686a84fa,Male,53,Hernandezbury
766809fd-7071-4db2-b7a5-9627665c6dfa,Female,19,Bookermouth
6f6c5b75-f5a5-44d9-b2a7-e298c61d7233,Female,23,Port Anthonyton
9ef9cd2e-ed37-43a7-893b-88b2e93d28d3,Male,42,Devinburgh
b1500f19-ea19-4ba5-943c-d7db578c995c,Female,49,West Brianbury
2a3aab66-0f95-40fe-99fa-d652b2de4a9d,Male,22,West Kenneth
cdc78205-0901-4cac-8fd5-4e52a0e2d4cc,Female,44,South Michael
a5ecbd3c-989e-4524-ac60-4ceeaad157ff,Male,31,New Suzanne
33d32e6c-9138-40f3-be36-597a7c8a8799,Male,70,East Colleenland
ca121b9d-5c17-4fed-9687-6a5f7768eefc,Female,49,East Brandon
a06e8fb3-7e7d-4061-b2f7-bdd213885226,Female,43,New Daniel
1cfdd599-12d7-4f0a-b0c0-79821a6cf36b,Male,70,Lauraberg
170d9515-5562-4518-a799-3974ba5e4d31,Female,63,New Dylan
2bd4eb05-2841-426f-9ea9-6c3bdc4ba1a2,Female,68,Lake Natasha
a5967ed6-a65e-4715-b97d-ceb4d8e7c516,Female,26,South Marissafort
167e9b87-6019-4905-b347-88ac3abc3c15,Female,60,Lake Louishaven
d0835e12-4b42-478b-a1cb-e16ee8b43ea1,Male,37,Port Jennifermouth
dd6f1b89-f9b6-47ce-ae0b-c5cc6cf43469,Male,64,Salinaston
a0dbc51e-4522-4bda-ba20-98b9b740ac65,Female,52,East Michaelfurt
7c54816a-c83b-4187-bd54-f88b33f6ef00,Male,58,Davidville
075daf14-f06d-479b-a613-aceb3426be81,Male,50,Garciaton
e32eee7e-2b8a-4355-9219-1a8389e1f4f5,Male,25,Ambermouth
eb45af81-82f8-459a-8890-e0a22dbda9b7,Male,33,Lindseyfurt
3812fe46-0ac3-47d9-965c-82af84e5c844,Male,53,Port Brianchester
8aeea6a7-16cf-4cd1-93e8-7fd8462fc72f,Female,55,Port Michael
306b10bd-906f-4927-890b-b089e85f043e,Female,64,Robinsonstad
a8527a24-051b-4984-bd6e-8254aaa403cb,Female,60,Port Samantha
f3b07ea9-72d0-4162-a23f-3afd9ca5c9a0,Male,68,North Ryanmouth
68ef1775-f97b-4f21-bed6-5beddf1e14b4,Male,66,Christinaland
81b3cebe-80f8-4db0-a0a8-ef659ce118e5,Male,29,North Ronaldstad
180d9b0f-8852-47e6-b8a4-acf389d1b767,Male,29,South Clayton
a38054d9-f978-4286-b533-da451dc18ab4,Female,37,Lake Loriville
c193dae9-0161-49c8-b569-692436ce72e8,Male,54,South Glen
dcc9787d-d205-410d-aade-e72f849449ca,Male,55,Freemanstad
e816555f-275e-4a5f-ad50-89dfdac2d26f,Male,62,East Phillip
d2337125-5ea9-4dd0-8989-082096de403e,Female,31,Zacharyview
e6a1cff4-6326-4c39-97b7-478ad7c9c140,Male,37,North John
c3bf016e-26bf-42c9-a17e-0b97ec414ffa,Male,28,Williebury
46ca8454-06a0-49ec-a982-549bcf4ce4a1,Male,66,Jennifermouth
c0e68c3b-9005-43e2-beb3-c647a3f5343d,Male,63,North Tara
882fc219-46ec-4d06-8b32-b342cf5776cf,Female,55,Williamsmouth
0d8ac947-23d9-4fdc-bb90-c1bd2a448de0,Male,23,Carpenterchester
10798f4e-d9b1-44fa-b8c0-40cd8478d22e,Female,44,North Josetown
6388e485-935c-4c1d-ae14-a40a0533bc48,Male,20,Brandonchester
7f722355-d78a-4f4a-83ba-863f05b4c9e3,Female,47,South Jacqueline
261e3a49-4b5c-4705-8f45-0dfab39d0e7f,Male,66,Stevenmouth
e2c76e58-0cdd-491f-b3df-f2d4c3c3019b,Male,29,East Chelseahaven
4f040d1e-b70e-438a-8308-1db1703d2798,Male,62,North Andrewshire
906c7e5c-de63-4a6f-99b3-9e1268e98cf3,Female,38,Ashleyport
85e5c025-d150-4f33-a9eb-eb297e2af130,Male,70,Gileschester
1122e2cf-ef1d-47a9-91c8-aafc214a88d0,Female,21,East Michaelborough
acf8675d-af9c-4e86-9752-046a7ec83900,Male,41,Port Douglasside
d0b57ad8-f9c1-466e-8b42-c2dc0d1e86bb,Female,49,Lake Martinside
e669a77c-1af4-4b74-8fd2-07031a7494e4,Female,25,South Faith
ac5bb5ae-97f7-43cb-b669-5feccf7b41bc,Female,46,Jonathonfort
6a5f28f6-5ce7-49b4-9970-2c33c5bec17a,Male,26,New Mckenzieport
a7670c8f-6284-4424-9af8-6c2e1322dce6,Male,55,Gonzalezbury
d39538b7-dcbb-4244-952b-989494a5581f,Female,21,Lake Joel
b6e9f65f-fb49-4b45-b4e0-dee868db9756,Female,39,South Morganborough
ec6694da-a072-4261-94c3-07fc6b10eff5,Male,23,West Nicholasstad
17f2b8dc-6968-40cd-8cc4-50903d08b1c1,Male,35,Jamesside
bc5ee4c0-e6e9-4ca9-91ad-2b715cbe4ab7,Female,38,East Christopherstad
99286c4d-d338-423f-89ef-6ff0d0e85e3c,Female,40,Gardnerfurt
d66da670-299e-482d-ab0c-73eb0c76300c,Male,43,Lake Brandi
2bd24db9-4f43-4827-896a-899d96929e14,Female,61,Allenton
efd998f4-ef4b-47b2-9c18-3cba83b47ee3,Female,51,West Jamie
73fde2a6-7e3e-4468-9dd5-b2d641b6f286,Male,41,East Vickie
f908e4e9-cbc7-4e41-a3ef-8e720f805281,Female,55,New Michaelhaven
bd800fdb-2184-4fb5-8006-7e26f547d06f,Male,55,North Williammouth
5f09b147-cb38-4b40-b1c9-993648fb9ded,Male,52,New Shari
577ebd6a-d9aa-49a8-adc9-9170a1c3dc5f,Male,65,East Donald
c7f4c8d0-9640-4246-843c-c38ee7f046e6,Male,64,South Jason
90743ec0-e009-490a-b5fd-f6a2fb64e2ed,Male,51,Douglasport
d3ae3772-a9ac-4f99-9aab-30a448eff1d5,Female,65,Lake Codyport
66e88cf2-e244-4cac-a034-1223a291f01a,Female,24,Sarahton
ffd5824b-c36c-402f-8c35-5ba126bd6473,Female,36,Schroederhaven
64598315-7954-4a4d-b5e6-d2d6d68920dd,Female,66,North Rachel
0c7e3690-bcd1-4cb1-b995-77c83571fe97,Female,21,Rogersview
fab9de99-12ee-45f4-8d1c-70ba05318767,Female,40,Christopherview
de07e104-3653-4f7a-aac7-797a70de912a,Female,64,South Meganfort
c12941f7-670e-4641-94f2-afc586326b57,Female,44,Leefurt
17ba7723-0812-4dae-afa9-cd98450512f3,Female,48,Garzashire
ed7d27da-7274-4ed7-8543-028f45ec95aa,Male,25,Kimberlyshire
b6ba9cc1-28e8-412d-89a6-a8c4f7a314f4,Male,67,Scottfort
3bc9bc65-8ffd-47d3-8e40-ab8d881c6398,Female,46,Alyssachester
77c7d92b-d317-46b7-a639-8222bba1ac91,Female,47,West Adam
aad86cb6-b8a9-401d-b2ed-04a966a8db1d,Female,34,Port Jeannetown
949d9943-70f2-4465-addf-71627d234b0d,Female,22,West Justin
5ce3b5d7-34be-4059-b6e8-7a6b5028248d,Female,52,West Ericport
6f548091-0693-412c-b506-29880d36e822,Female,52,Amandaside
c087f1ee-ac8f-4ecf-bd4c-c602d558e8e2,Male,20,Kingtown
c2c79506-322b-4a05-8de4-5956372cbc20,Female,52,Kellyfurt
3635eeb0-fcfb-4332-82b7-c76f3cc36d58,Female,27,Port Shawnton
b27859d1-9484-4b72-b796-c4c244eb6526,Female,26,North Christopherland
c9b7dc70-4713-4c3b-96a3-3a63f85a3fc5,Female,59,West Paul
3e2f6668-57c3-4897-a04f-4422e78bc80c,Female,28,West Nathan
d35a8e39-dbee-447a-9b76-46315dfbeb2a,Male,49,Tuckerland
e9cdf945-b81b-43de-85da-d4816e818c2c,Male,29,West Anne
1c59ad4a-51eb-4368-be96-87149ef9bd3b,Female,49,Matthewburgh
2cca551c-5a2c-47cf-b183-6a6ac5478cbf,Male,69,Lopezmouth
4cbb7be8-0753-44d4-88da-5b837373cb65,Female,32,Stacyville
f1e8be4c-e657-4d29-95e5-9982773f761d,Female,44,North Amanda
481aab7f-10ea-4223-bdfb-a6708969b88d,Female,46,Andersonstad
da25c476-4720-4ed7-a1e0-332988284153,Male,22,South Audreyborough
6060e6e0-aebd-43f6-8fd2-542a3bd3d608,Female,49,South Seanmouth
38de60a8-3050-41cf-aca3-caad08a715e2,Male,61,Moorefurt
8e24dc13-4a3b-4259-9bd5-f6a310862054,Female,26,Edwinfurt
982d87e1-a2e0-498f-a628-ca07a37b3ab9,Female,54,New Ericfort
aa170b3b-7dad-472d-b9a5-ff2a6bf41161,Male,64,North Amandabury
ca25f1bf-9e30-4e63-ad33-73214271f6b2,Male,57,Lake Aprilview
5bf68707-4454-43a6-8a8c-32ae852142cc,Male,54,Melanieland
f237e953-80c8-413c-8fba-bba25d52cb2d,Female,56,Daviston
8016faee-6520-4925-8bdc-54df9c68dd4e,Male,58,Yatesview
db48ea93-42eb-432f-889e-270b171dc3f3,Male,45,Ortizborough
a393f6c9-d19f-459c-a760-9d46f4403ce8,Male,29,Parkschester
b311bf7c-be31-4b8d-a224-547b0cb4384f,Female,65,Estradabury
dccc28cc-d75a-445e-90ce-f1aba8f7199d,Female,65,Saundershaven
301c82bc-0fb2-4439-9e2a-201643b057cd,Female,36,Brownmouth
39d28a16-a335-4e60-8cc5-42fde32aac91,Female,38,Victorchester
8e717a8b-1c85-4738-bf8f-62277c24f0f9,Male,25,Josephmouth
2ffea268-4f70-42af-88d0-c1a7b792f409,Female,42,Kathrynton
3e61a7da-fc36-48f9-987f-450e0023b505,Female,32,West Jenniferstad
3c7c38a4-9764-4147-b1c7-2c1b81633f2c,Female,42,Kathyport
cc661e86-bee0-41ee-bca0-52a3ef17cea9,Male,60,North Johnny
53ba7a02-95e8-4289-b582-bb374200da03,Male,44,East Brandonport
ce05005e-f791-4110-b9b2-5b0ad2b1a9b9,Male,41,Jessicaside
1434e13b-694c-4dfa-8108-5b6ea60e7cd4,Male,29,Thomastown
ef2c80e7-53f3-4c6c-8e7a-259d2f553c83,Male,22,East Reneehaven
9c300ff9-fc81-4a48-90c8-9163666506b7,Male,66,Jacobsfort
e2b6c7e2-768c-41b5-9b19-9e04e830e36e,Male,70,Watsonhaven
5864072f-e132-466a-a1c0-d5b0a62cbe55,Male,63,South Megan
e85569b8-7357-4ec8-8f65-354c6af170e0,Male,19,Pattonshire
83a87b95-c97e-4c03-afb5-1000f4dc081d,Female,61,South Thomasville
cd815fd7-face-4653-8b6b-4708630aed4e,Female,32,Whitechester
c60260bc-f222-4ce2-83e2-fdb1bcc05756,Male,27,Amandahaven
88c86e3d-3aad-4088-a4d5-ce0d6f222bb0,Female,62,West Abigailville
8381db86-c776-4338-bb96-272b5ecefcc5,Male,22,North Christopherberg
e18d9e57-db30-4358-9a46-ffa725676eb8,Male,65,Port Teresastad
2848cdbc-aa0a-441c-87c0-92d7e8a6f883,Male,27,New Robertfurt
f7d2905d-2212-4302-96c7-a392ef135278,Male,54,Michaelmouth
193d1ccd-3704-40b4-95b6-5de4156b6c04,Female,37,Garciaport
206cf9d2-e6eb-4aaf-9a6d-16758c8b6a8a,Male,49,Wandaview
0d600f5e-2570-41ab-9886-6b52c49d198a,Male,68,Port Cynthiaborough
80352987-921b-4fb1-acc8-f96a00f607da,Female,52,Maryberg
c3f92fc0-824e-4155-b5a9-863d4cb726d5,Male,65,Nicholetown
3fdac5e0-e7a7-40b1-b4c1-5f1e3ea49187,Male,57,West Thomas
f7c13613-47e0-437a-bb31-57d7be65b8ef,Female,52,Debbieville
adf04efe-5ce0-4d33-8225-c1fcdeda05f9,Female,32,Gregorychester
593304f1-1bc3-4943-80a7-11c9c63b8079,Female,22,North Joseph
7b3fc9e7-cf67-4af5-9dcd-fb6fe30cdb74,Female,65,East Edwardbury
ea32203c-24ef-40bc-a47d-94cde4c3c7dc,Female,26,North Karen
b0f59815-0e97-42d7-9a8b-32267f0d5f77,Female,28,East Rebecca
d23415f7-602d-4a07-83a5-76c1d40143f0,Female,44,Mariaberg
dac719eb-5c14-478e-9c69-e9c24d4a07ca,Male,53,West Brianview
3ae7d37f-183d-4e6e-a252-ecec5bd1683a,Male,55,New Rhondabury
84d52394-3e28-4384-8179-869f106ca373,Female,63,Samuelside
4c642c95-d5a2-4cdb-8b43-1e1ad279ca04,Male,61,Jillview
1884a70e-61af-462b-939f-16a543835372,Male,25,Bondville
f5a092a9-c372-4b72-a7c4-42d03ac3aaaa,Male,39,North Brandon
f7429db4-5fec-4af6-a818-1198b3538dd5,Female,43,Katherinefurt
7a9220d2-e2d1-461c-8004-241ab7e980a4,Female,45,South Carloschester
90bc23c9-9dff-48d9-8671-b128a904125f,Male,45,Smithport
389bd3fa-feb0-4064-8acf-9b5308a2a3eb,Male,54,Brownfort
2e727752-6918-41f8-b184-a31fa2cd3581,Male,21,Port Jeremy
42c164b5-3881-4f31-80a7-5e60d8097a54,Female,46,New Victoriabury
82778a55-2c79-4229-8eba-ceacb8886416,Female,70,Pattersonshire
5bf02c61-f431-44d4-b0f9-53eb12620611,Male,56,Morrowview
40727fbb-de95-4ec6-8d7c-60da99c4440a,Male,27,Lake Jennifer
24cddeea-0734-4850-b109-3bc7bdf76bca,Male,39,Brownhaven
36080662-906e-41b0-bf6e-5d00a5ee9df4,Female,63,Hansonside
bc1ded54-dcf9-4865-b959-10ab199b4c2d,Female,70,Lake Danielleland
78d52d52-8c16-4e5d-91ad-145552a38aa1,Male,42,Jacksonstad
992a40c9-a400-4a22-959a-354c35993f30,Male,30,Gardnerbury
1d1f63f2-374d-405d-9fac-f8323da9047a,Female,65,New Amandaport
a8d52ece-0825-485a-9762-9617eb630766,Male,28,East Terri
fd7e3c85-3002-4d39-895c-dafd59033ece,Male,56,Port Stephenmouth
3b7f682f-cf6e-47b0-9914-e289382fcb93,Female,66,Blevinsbury
aaf5058b-e192-4e5a-b1d6-3571595235b7,Female,50,Byrdbury
25a7ca71-7025-4f0a-9791-87aac2cadabf,Male,29,Kyleland
8e8765a7-c8b4-4902-b50e-e798fb5b5942,Female,50,East Brenda
7fc4f3ad-5a7f-470b-a61a-e287de1fbfc9,Female,35,Port Megan
3027d09e-e7fc-4da3-9e5d-e86adec1cfdd,Male,23,West Stacy
3c185cfe-d4ce-454c-9393-e1214f6ad8ba,Male,70,North Megan
9573ff2e-e5cd-4dbe-913a-e9bcc7beb694,Female,61,New Stephanie
9ba577bc-c8a5-4c10-9681-4ac2ce5cffb9,Female,53,Gonzalezborough
75a05910-109c-4e9e-975c-021dd0f9703c,Male,68,Williamchester
2d263edd-0769-41fb-9fd4-b000de540d9c,Male,25,Caldwellberg
909cda00-f721-4356-a7e7-51803de8b065,Male,33,Larsonbury
3409df57-3ee7-4ce2-8505-ccbf8db4ceb5,Female,33,North Meganstad
3688b460-0e87-4620-a691-cc0c88cb1696,Male,32,New Zacharychester
7a81ac5d-cdb6-47ec-96a7-9083813e4eb8,Male,61,Cooperland
66ddd514-7aa5-4b3a-82ad-c3d2af5ed299,Female,27,South Martin
ef4ce338-600c-41d3-a756-95d46f9a6d99,Female,31,West Sophiafurt
64b60c8a-de7b-4269-9666-4e0b4e0f9443,Male,54,Mcdonaldmouth
7d44f2fa-a892-49cd-8a81-2743b84cd29b,Male,67,Freyburgh
61111c89-e4a2-4d13-8190-713ce784d4ef,Female,34,New Daniel
5c27219c-5495-4337-84c2-ab1514aa4b00,Female,31,Lake Angelaview
ed7ad6ef-c1fe-4454-ac40-3ebe04d2c231,Female,40,South Larryland
25452591-c6bc-4086-82cc-87974b2211a7,Male,21,New Nicoleborough
ef969425-fc8c-4a7f-be8a-f9ebe860e2a0,Male,38,Jamieborough
93b31ba4-1a09-4349-9a5e-8b1299168514,Male,43,Tiffanyhaven
be014946-d18b-4600-988b-2ee2e368dca1,Male,69,Hurstside
32e645c0-cbbe-415a-962a-6b7b34f1a596,Female,33,New Billy
283944e5-016c-45dd-89fd-0cd9f38efbea,Female,42,Walkerfort
11800dc7-baf3-4345-af59-12bae5860eee,Female,66,Katherinemouth
5bffe29d-e2f6-4017-ae76-74ac44ae6488,Female,48,Lake Michelle
994a782e-cce6-4432-89ae-ea155b268f1f,Female,32,Port Ronald
79c280f4-66f3-483c-b9a8-2d511cf4cdcc,Male,37,New Larry
9c86a6cf-7a6d-4a2f-854f-14dded401298,Female,67,Kingtown
3a64bd5a-71d8-4eb4-97fb-0aa821aae9ff,Female,48,New Cassandra
6295b92d-745e-4954-93d0-9fc7089b0dcf,Male,65,Hubbardshire
8ef6a599-bbf2-4d24-87e2-76a95b224fd2,Male,61,Lake Annaville
1698281e-011d-4f8d-a22d-b7871c34e6a0,Male,55,Owensfort
e2f63177-777f-4c7b-ac72-90013e7d621d,Female,21,East Stacyland
07ec96cb-8561-4b60-bea0-50442c06c76c,Female,31,New Katherine
e391774b-5e3d-4747-8fd3-1360dc33c415,Male,29,West Paulburgh
569290b1-6e3d-40b1-8d76-e6a1959bdb75,Female,65,Lawrencestad
da1c6906-43ca-44ff-aa00-eabcddad8112,Male,25,Suzannehaven
68daee96-f538-4132-9e6a-0f3e7c5c9548,Female,64,Brianview
370ab10e-f497-46a8-a98a-3d19616baef8,Male,49,West Dianahaven
bf10794c-ebfc-4bf0-bb0a-c381fa4d1392,Female,54,Port Jessica
d9b3095c-acbf-43f9-b01d-4d1db3542d7f,Male,33,Lorishire
d22042c2-5995-475b-bd80-c0b88df1fef6,Male,24,West Kaitlyn
25c058b7-1008-4a2b-bb69-f6ed09bb0dd3,Female,61,Lisaland
013dbef5-95dc-4838-9af7-1bae1f9b516f,Male,47,West Angelica
c4ffb06e-0aa7-4043-897a-f692f1920a80,Female,47,New Richard
82b05046-7401-453e-aec1-dc498a8c62a8,Female,38,New Victoriamouth
8e996607-e907-4337-abd9-daca07c4f30d,Male,31,Stephaniestad
7d65eef4-2a28-44db-8528-32521a38d9cd,Male,67,Port Josephmouth
f10895e1-0570-4db2-bbe3-91f5e80f89b5,Male,24,South Krista
362bc8b4-5215-4a0f-9e7f-608590e2db0c,Female,57,Port Timothy
693f57dd-dd90-4f17-a930-3dee36f0dfba,Female,27,Lake Heatherville
72d45115-089f-4752-828d-5ec72e885e01,Male,46,New Jessicamouth
fb5c990f-43cb-4c9c-ba5e-83cf2886d9b3,Male,57,Benjaminport
6fb44ccb-0dd4-4181-bc18-71f6c51f8a7c,Male,30,Powellview
ed8a47b6-7ac3-4298-bc23-cb4b6851a497,Female,64,Port Laurenhaven
8528b266-213f-430a-bb23-a520f8e08152,Male,22,Perkinsland
4c2394c5-3737-45b8-98ee-b5562a6b2198,Male,36,Bethton
59042e46-e293-419f-9b6f-4485c9a9382f,Male,35,Kellyfort
f82ada31-83fd-48f7-b726-df61e7471dab,Male,52,Leslieport
b9cc433b-5d9e-4828-bd93-91638dab50b2,Female,60,Amandaburgh
d4027a32-b14f-4e76-88d0-67b26553c6ad,Male,54,Port Diane
3384ee12-ba99-4f6b-b012-41ed1919b77e,Male,65,Vazquezview
91f4d78d-ee20-424e-8a61-4a516952a3db,Female,66,Jillianside
9487d65e-122d-4818-94d8-e2a6596a869b,Female,26,Williamsshire
326617a1-e216-40f4-a14c-c8460c21860e,Female,53,East Keith
3c881630-4f82-42db-82d1-dde52107f0b8,Male,68,North Jeffmouth
bb7af2d3-34af-46c2-a51a-e19fbffab65b,Male,49,Port Christopherside
676e99a3-d488-4a0a-8cc6-8c9c8e4f6525,Female,46,Barkerside
04a86e70-8848-4e94-83d0-f8285cd6e6c2,Male,58,Dennishaven
3b194739-aac4-4695-9958-f90ad497daf7,Male,32,West Jessica
3bec812e-4109-4258-899b-0ea7abe5a8c0,Male,53,North Sandraborough
919340b4-2fe4-434c-8be5-16f7dd993746,Male,29,New Peggyview
f54c7a53-b2f0-4eea-8da0-9f57c260b38e,Female,37,Timothyport
3f1d87fc-600e-4bee-b3fa-60bb3c9d1d08,Male,39,Allenchester
b94d7524-aa87-40cc-9789-4153b6373893,Male,29,Whitefort
8318a762-a893-4821-9a6b-a9b9bdb6e0d0,Female,21,Lake Carlahaven
a8a7054f-9013-4d62-89c5-bbe3dd4ed16a,Male,21,South Melissaside
197c723b-f493-4dac-b7dd-4eece6f78913,Male,47,East Nataliefurt
d41e581f-adc3-4dd2-be1a-15e6ee85d2cb,Female,30,West Cherylside
a5a78ae3-843c-44fb-a865-4f935e411898,Female,18,Lake Annefort
a24b351d-ad85-4259-b6ce-cccb4e9bba77,Male,63,North Trevor
9c0c29cc-6971-49ec-90f9-be4ec940cc81,Female,53,Port Chad
13141c5e-00bb-44b8-b4b0-b9b3eb944be8,Male,63,South Carlside
328b9372-24da-488d-8d54-af8549a58e21,Male,24,East Nicholas
8360a035-3743-47d9-9742-d3461e54ae20,Male,38,Samuelfort
2660c69a-5350-45d8-b1de-080ac8b43661,Female,24,Melanieberg
fe6df197-3dbf-48cd-879c-a94e403476a2,Male,62,West Saraville
5da17f13-500c-47e8-94bc-03b7b2c2e845,Male,33,North Jacquelinefurt
3ffc1793-f4a2-4e3d-b5e0-74531982356e,Male,57,New Ryan
6b7c0f4e-1585-4019-a8b5-80e57392a8f5,Male,37,Port Jimmyborough
a75c9b91-ce0b-4fef-8f79-08851f03781d,Male,35,Port Linda
b13f4d21-de66-45aa-a3bf-f7a1da241337,Male,55,North Karen
1e9a044a-690b-4fdf-b9f3-1598174670fa,Female,41,Andersonstad
ef006591-00cf-4e0e-a780-1ee8367d185f,Male,22,Lake Crystalstad
9deb7816-664a-426c-af42-334440c498a8,Female,59,Jefferychester
a3ed3b9f-b80d-48f9-87b9-9cdb7a615e2d,Male,45,New Edwardton
4de77b8a-bb2a-419d-abc6-2ea15d5027ed,Female,27,New Stephanieborough
2159b63f-3091-4364-b888-f08b5d69c50f,Female,54,Tonyton
9f108b9f-df2b-47ea-b5cb-b33fd0ef4de0,Male,54,Parsonsland
8d8ecf74-75bb-473e-a804-a510bfe2d521,Male,49,Lake Thomasmouth
39a81faf-0d01-4511-8fc0-e2ef7b61ba9d,Female,39,Matthewtown
68e607ce-8e0f-4e80-b005-ff05259226df,Male,52,Hornemouth
dbca66a9-ba70-4ec9-a0a7-183c00a7cd9e,Female,63,West Courtney
37c70d29-6345-49a5-993c-d84a7ccfb9b8,Female,29,Brownfurt
84120d10-b7ae-4bdb-a00c-aa2693020df9,Male,26,Lisafort
f681fe4b-b157-459e-8034-656311f47a1e,Male,39,Weaverberg
36d46064-9f72-4c58-abe9-a220c17f8b44,Female,45,Jamesburgh
e479e139-3678-4c08-9421-27b92683d6e8,Male,66,Lake Jacobfurt
ad2d872a-18b0-4c18-bafb-9974bf09c2e4,Female,57,East Johnview
d2037af9-8f3b-47a6-ba93-a6a9a1f901ba,Male,21,Mariaborough
faa1a1f8-2516-4191-bad5-9c5ef2d7d32c,Female,35,Martinshire
26ecf526-6f14-464a-83c0-6c43bab076d1,Female,64,Antoniomouth
edc18e54-0d37-48d9-9025-f8c0f7e9c23c,Male,35,East Jennifer
bfc98693-f464-4d4e-8fb4-2eb4ae4b003a,Male,58,Geoffreyside
b5725bcd-5162-4a6f-8d26-0e6bddcf0909,Male,41,Rochaburgh
81657eb5-7a35-4af5-a6c9-89a948acc5eb,Male,38,Carrilloport
17b81940-77ee-459a-8e42-e63d1f541ea3,Male,40,Royland
2e07319a-ea93-4dd2-9c69-94b98cdaebd4,Male,49,Carterside
39766704-bd68-4189-97d0-58174349507c,Male,33,Garciashire
e30511fa-d12e-4f8f-a6ec-ccbc7738a5ac,Male,56,West Ginamouth
4cc1cf48-fec9-437d-adb5-85576c46dd4e,Female,35,Peterbury
e80e53da-7dc1-4ee8-908c-a45ece3ecc24,Male,43,Angiefort
5cd0e1cf-37c3-4ee5-b319-31693b813c87,Female,68,Hobbsview
10a3d83f-97bb-41a8-aad3-64b727e85aee,Female,36,Phillipbury
456c8e15-b4f3-4641-8d70-dd5f4308714f,Male,45,East Briannaton
51b988e9-811c-4b1a-b87a-7994ea9494d4,Female,49,Justinburgh
b2bdd607-750a-46a5-a1cc-a1f74731b2bf,Female,64,Nathanchester
748f04c8-0b21-46f0-a9b4-d20595eae9c6,Male,56,East Victoria
9cd5db8b-de99-44f8-bf9b-d1b345493246,Female,45,West Juanville
3d09b1cb-abab-4a19-a7b1-fbbf5455199d,Female,18,North Katherinehaven
c92a1ba4-7bd2-4edd-a30c-a1e9cd24c90c,Male,20,Carterfurt
95b7f658-ecb9-4684-b201-3b9aa8e939ee,Female,63,East Jonathan
1eea2240-761e-4dfd-b6de-f0cbc598a055,Male,28,South Rodney
d6dd50b1-b037-4951-95bf-4aee9601efca,Female,27,Raymondmouth
87cc2214-2082-4fa6-b229-39ff6da62ee5,Male,31,Brianburgh
7041639e-3975-4abc-9288-83ebe1bc806e,Female,58,West Candace
72ed802c-5df4-40fa-a9e3-96e1e65ca310,Male,40,East Kayleeberg
e1c768c9-06b7-486c-b43e-4de9e5750033,Male,58,West Anthonyland
69cb75f2-fcf3-45f7-8ff6-0018714aaa08,Female,18,Lake Deborah
c645ff46-9e11-4688-9adb-c980ee628583,Male,33,Laurenberg
4f98a007-835d-4d68-9266-9a00fa9cc66d,Female,38,West Jennifer
96ed5a9b-4ddd-47de-9c12-7f0c281c7f76,Female,23,Port Mercedes
d1f61b39-a574-4869-9e37-d658b0404e1f,Male,39,Jamieville
af724e89-07fb-4db9-98f3-8733df825d3b,Male,23,Ambershire
480f4c9c-1dff-4ad7-a372-16829374bc85,Male,18,South Tina
63676614-aa43-4607-8e3f-6ac00a17e2a7,Female,28,Ashleyview
34f0a546-4aa9-4b4a-b1c0-d5f2c4ec0dba,Female,26,East John
7f293f7b-547a-435d-a518-66271620c51d,Female,43,Lake Danielhaven
84d1eb4a-ebb7-42a5-836e-24f8542161a4,Female,36,Harrisbury
352c14ba-79d6-4ab4-b6ae-44b370f3f387,Male,62,Port Joshua
3e6cba08-5900-4324-91ef-57fbbd90998b,Female,51,Port Michaela
2550d519-e7f9-48cb-ac9f-0b103063cce8,Female,47,Myersmouth
7d50734b-64fe-44fa-a825-ead236e31830,Male,54,Lindaside
b13ec9c3-9ae5-4d9d-9142-b7dd36efef6e,Male,19,South Tammy
0aca2535-b8ea-446b-aca0-efce166ec176,Female,26,West Karen
38443e2a-b781-43e3-960c-ae4a668e7d7e,Male,66,Taylorberg
48fc1193-5e6f-49b6-878a-c430b2de5eb5,Female,68,New Dillon
b78d47cb-d9fc-4c1f-bb2a-101617ce9f26,Female,61,West Brenda
8023d337-ee71-4653-b728-82564991bf87,Male,57,Lake Scottberg
4f04bf27-76f0-4070-ac6d-0461229b3882,Male,19,Lake Laurenburgh
a62e6c20-b0d9-40fa-a6f0-7b79741b868b,Female,45,Port Diana
1a5f38dd-6da7-43c2-b7bb-11aef3c0ecc4,Female,60,Cliffordberg
eadd1557-c340-4b66-8b6a-0d002ad0a413,Female,29,Arnoldshire
c993e886-863a-426f-b12b-4518b49ac012,Male,62,Kennethchester
4bde2583-76e7-410f-8dcf-2d4bd65eb388,Female,51,Johnnyfort
febc1c95-58b8-4618-b077-4cf16dbf264d,Male,39,Smithmouth
a4e7c44e-65e6-4db0-9a21-3958dd52f2ab,Male,61,Lake Elizabeth
f2937c26-00da-4b5b-95aa-8d6f715973da,Female,66,Porterstad
acdda0ef-2dbb-4d45-9db5-c3287bd070de,Female,22,Ronaldmouth
8199779b-b0f4-430b-87b0-59387b73cb90,Female,45,Hollowayport
ec9b44d4-b1c1-41bb-bb02-5b3f378612c6,Female,49,South Rachel
ac7d6cda-1598-4efe-86be-f732d3b276f3,Female,33,Rogersborough
3fa290f9-deb2-4344-a6c5-38343cee0030,Female,66,Harrisland
5cca726c-dbe1-46ba-bc74-364718ee35f8,Female,49,Sandovalshire
2f022082-c7a2-40cb-8d27-73b5b95fe70d,Male,27,New Meganhaven
106904eb-7160-4391-ac56-15ac0b315ccd,Male,37,Andrewbury
d9f087db-6656-4ccd-867c-55b6b06b1338,Male,53,East Lindsey
bd3a767b-788c-4fda-b838-eb24963d69ac,Female,45,South Charles
5e23ba65-aa9e-4b2f-bd47-e41e892597d7,Female,46,New Mark
648cbfce-93f0-48c2-8242-cbd7afcb4375,Female,25,Greenfort
9aa288f7-cb55-40ab-ad33-3355fc12d311,Male,52,North Robert
f0ac9829-b69c-4c00-9372-dd67a79c3ee1,Female,44,Lake Danielleberg
14fc277e-d02c-4f7a-ba68-fb5f2c207c0a,Female,61,Walterston
97c300af-da06-4bec-8ee2-b4ca5897e95e,Female,20,Butlerborough
fd0ace2f-6d22-4555-8639-4618d909b41d,Male,57,Andrewmouth
48fe310d-b8a2-46e1-aa63-b9bd2e8ee5e6,Female,41,Birdshire
60defbc9-4a97-4f2e-b8bb-ad2c4aaac625,Male,39,New Kevintown
db7640cc-6ce3-41ad-a519-67cbd2298cac,Male,35,Kevinside
e5b57ea5-f6c1-411d-b1c3-e71efe50ae00,Male,40,Craneburgh
cfc87bb0-2b9f-4fa6-b76c-b267175b166a,Male,46,Luisburgh
f443ca4b-e029-45c5-b73f-604a1a3568c9,Male,62,Clarkmouth
b3471ac3-5d46-4cd5-81a4-0621557e70e5,Female,64,West Joy
6b299b59-cc31-4ce0-a060-701aa6f4264a,Female,40,North Adam
a83a97b7-2365-42a5-9bc5-5008278e26f7,Female,59,West Michelle
8826c0f6-578b-441a-a936-51e44804ab24,Male,37,Lake Kimberlyview
3a57b23a-22e8-47c5-816f-d6ff2166b9cd,Male,54,Englishberg
6f64fd24-cc7a-409a-b3dc-534be5e01132,Male,67,East Lauraview
c27ed334-068a-4a9f-bac4-8bf058d60e47,Female,19,Jessicabury
b6954b3e-2dd7-4b4a-9907-e5103c2960f7,Female,46,East Stevenport
5e6dcf2b-1abd-46bb-b7dd-3fb62c0b1f1d,Female,63,Heatherside
1b5991eb-ccbb-4e3e-bc5b-7e3466c9639e,Male,19,Whitemouth
6afc1d99-e008-41cd-9ac1-8d04ad7ced62,Female,43,Murraystad
5b70a3fe-bbda-4b76-82ec-c062f223096e,Female,29,New Cesar
fc80612e-6f3c-40c1-af03-fb182268bbbd,Female,34,Lyonsfort
8f5ac8f9-cd09-4884-9dc2-695fcfb90502,Male,66,South Nancystad
9cc7d778-f362-4a31-82c4-73d2ebb7729a,Female,67,Villanuevaland
8001fa65-2448-4199-b9c1-5db9f23da40c,Female,56,Harrisside
2036b3b4-7a67-47f7-ad39-1494939c9dc7,Female,47,Abigailhaven
ba922dcf-120d-4f20-83dd-7588fa6e2332,Female,27,Allenland
28c214e5-3d6d-47a4-808e-e78c8705adfd,Female,63,Candiceshire
e169cff9-bd84-41e1-8156-0539553669db,Male,55,Amandashire
0d7f0c38-3aef-405a-a579-eab5319fc786,Male,40,Anneville
25be9561-9f6f-49f9-8971-164aca0db901,Female,18,Marcusburgh
759389ec-537a-442f-b50c-41a0100943b3,Female,56,Lake Jamesmouth
5b15cc1b-9bf9-4b3d-a5c7-9472a12e8942,Female,29,Lake Fred
56ec4b97-dc58-4dca-b4d7-ea2b92405a3a,Female,65,Lake Caleb
4f90ffac-8d9d-4e71-b760-6ca1f67c748b,Female,32,Kelleyberg
7d7df7fb-a590-41c2-be07-c28c55993a56,Male,57,Port Johnside
963fd828-7584-428f-ab4c-11361394e7bb,Male,36,Samanthaberg
bffdf372-78f4-4965-b723-016cf6fe17f2,Female,33,Karenburgh
faa18078-3256-478a-a8c3-958ae12e491c,Male,55,Lewisfurt
afda72f0-1394-44cd-ada1-5067e7c3edd5,Female,22,Mariaside
abe4d3db-d795-4028-a7f3-32eefecc2df1,Male,51,North Johnbury
48805b3b-7e9b-4247-8dc7-07fb6e7eb303,Male,35,East Carlmouth
5e93bb8c-eea3-4408-80ab-898ffdd25345,Female,25,New James
b5bd3155-358d-44c4-9d4a-789181597e9c,Male,21,South Michelleside
64248b08-44c8-4b53-9408-7b37d3afa8b0,Female,28,Fitzgeraldborough
6402f737-f847-418e-b26d-371762122290,Female,37,Clarkeland
67560402-6c8d-4697-9d6d-3cdb4dbeeb74,Male,28,Dunnstad
0ed04d74-f73a-4cef-9863-c9a847805346,Male,34,Bradyfort
fa570f88-918b-4fdd-8d12-89375bf4c607,Male,54,Nicholemouth
03c7831c-8caa-4e54-b9b7-5b1df4157168,Female,70,Thomasstad
3d504775-5fae-40c0-9ac1-d21dfc8b9eaf,Male,45,Port Joyceton
a16cd0de-a33d-4d11-9cbb-4df38e86df5e,Female,55,Gillhaven
d715b559-c69c-4974-bd37-dd5fdba00626,Male,53,West Johnmouth
30d3cdbf-738d-4248-912d-1ca425fa2b13,Male,19,Philipside
036dfe29-a362-481d-8c5d-5f39ee884db5,Male,32,Sellersland
8425816f-f25f-493a-8ad0-ea04b6a2e374,Male,57,East Travismouth
206f28c0-b56e-486f-907f-153bc5e20c65,Female,54,South Terriberg
a08ad2eb-b6fb-4bdd-a96d-b41d96b6592f,Male,44,Mitchellstad
1aeb2812-ebd1-44db-85a0-fbe634c49191,Female,41,South Alisonton
0f3b2e30-2485-48db-be30-b6b346c68854,Female,70,New Jeffrey
c8866b5b-1165-4aed-af92-c7338e5a30d8,Male,29,Markview
5266a184-a5a8-44cd-b0e2-3ee3d8d73b25,Male,58,Millerfurt
b107f07e-b326-4620-bac4-19474080323d,Female,46,New Suzannestad
5e9d5376-595d-4552-97e0-e6d085e4c66e,Female,63,Port Kristy
21d25670-6278-47a1-8202-b418a40a64fd,Male,45,West Kenneth
28cd0988-688f-4139-9e56-3d3dd71f40cd,Female,66,New Stephen
9f8a3323-e5b6-4458-a3b7-4201e6c075fa,Female,55,North Jonathan
19e934fb-5d66-41c9-afa4-ec46d2e7a9bb,Female,44,Lake Don
b7c8531b-dcd4-4d7f-9353-5be9e157e0f7,Male,19,Port Sergio
d8c396e5-56c3-42ed-989c-d419c6a4d662,Male,49,Annahaven
0498e3df-f493-43bb-b044-c9629b0277f1,Female,38,South Ashley
25ac87b9-0b0c-4590-921f-7c71f298a406,Male,19,Welchhaven
936fb6c8-4377-4fc3-9dae-61cd3465a486,Male,34,Nancyburgh
717d0456-b8ef-48b5-8de8-ee91b7c90533,Female,35,New Karen
196bf88e-8295-42ac-bf39-2be3b9f79cdf,Female,34,Norrisview
eb332f0b-8725-4939-a6d2-84b9068ec529,Female,37,South Tammytown
70ee78a4-e5bf-46d4-93ae-7f8937d0f146,Male,49,New Coreyside
0406ff65-1668-417e-9884-318bd9d18656,Male,29,Robertview
f140f28f-4ff2-461b-b6af-cdc093653af3,Male,23,North William
f1ce2507-efdd-487b-bff0-37b882c3dfef,Male,20,Christineland
560a45d8-3f94-4cba-b59e-6faf4333427c,Female,65,Port Antonio
05e1f852-a961-40ce-9b55-0bc648b93823,Male,54,Stevenborough
2e59be39-c092-4829-92c8-5bceb7101e7a,Male,24,Scottport
34368e7b-a69d-442e-9559-72070bf9fe34,Male,49,New Jennifer
5eae1f6b-1fa5-426a-bd92-58b428198170,Female,32,Boydside
fc3cfdcb-8c7d-43f7-90da-4626cf62cf11,Male,54,New Bryce
dd4b13e7-d474-43f0-9767-016ff205eaa2,Female,27,New Matthewtown
72ac7121-80cb-4602-ae1b-53a5c6e3a771,Male,55,North Theresa
e0c629ad-4000-4d39-b561-640a459aea56,Male,50,Dennistown
c7193768-fc52-4c71-9ea0-d2008ca199a9,Female,41,Jennifertown
1a54fcce-a792-4f40-ab12-0746ce70143b,Male,26,West Martha
afa9609f-1602-41f9-93b7-95f7c1235fa1,Male,22,West Robertside
79446cc6-b057-4241-b77a-fab56400efb2,Male,46,North William
142f605e-d623-4e2e-b787-4e8093ed28eb,Female,26,Portershire
ca6384f0-1e27-40ec-a251-347a72c6a484,Female,55,Port Jeffrey
d5852608-7750-4192-bbbe-ea7336bed71d,Male,31,Carrollville
75c5e0f5-4adc-48ac-b7ab-e929e02e6bae,Female,62,Rojasland
a83c8491-f197-4897-b8c9-1c8175801b6a,Male,54,New Rebecca
71088b2d-cc2f-4da2-a664-dbc679963de7,Female,44,Millerton
60a1ad5f-2ccc-47b7-b234-e6e59f0ef367,Male,28,Lake Erin
566e893a-c8da-48d8-a509-2964c933a4f2,Male,44,New Christopherville
b733cbce-083a-4741-9951-c66f9f624e55,Male,20,Dixonstad
b2bff7ff-5a8d-4852-9be6-719912107f2a,Female,18,Dustinhaven
47707a2d-6a6c-4103-87d0-51ba9f0fc8db,Female,40,Crystalhaven
4f29a583-f131-4250-aa51-07e4624b9a32,Male,25,Youngstad
c9621ad2-8cb5-4892-84ce-1e028968121d,Male,43,West Laura
ca2d7e87-8d32-4856-a735-a65307db0466,Female,21,Robertside
6f95af64-59b3-4fd0-b775-6d709832bf91,Female,64,Port Savannah
1af93ec9-1ea8-4881-a592-44c74acc37bd,Female,62,Mataton
48328174-3ea6-44e2-8e64-fe3222f3dd95,Female,30,South George
a9740e62-0b3c-4c21-87ea-c40ffa4b538d,Female,62,Geoffreyview
48eaa18a-663e-4d6f-b758-d3c104bc77fb,Male,41,Joycetown
50b64da5-72b9-4ef9-8734-e62404dfbf9d,Female,41,Dunnside
c696385d-04c5-4699-aef4-27581390df33,Male,69,Aaronshire
dec42854-053f-44a1-b2ab-547c0db2e392,Male,31,Lake Travisside
68d58e11-9372-42d6-9f0e-e01ae2290681,Male,27,Smithborough
c2272263-5140-44b0-baa2-a36e87e0069b,Male,32,West Jesseport
31cffb1f-5a67-4036-ae25-a234378513d5,Female,20,Lake Michael
f943b101-ff43-47c5-9fff-c2acdc2e929c,Female,59,East Darrellborough
fb07208c-0205-4f46-9d56-9fe092e83f57,Female,24,Nancyfurt
ceacd593-2764-4df1-8fb5-71f60502e523,Female,36,Amandafort
8480b1ea-58f6-405e-a3b1-4d83b94a2403,Female,62,New Savannahfurt
d1da1e71-f237-4692-89a2-62bd6be5c9cc,Female,67,Port Elizabeth
48db943f-27e7-4735-85db-32041ee6629a,Male,29,Lake Chelsea
a7024b2d-6a61-4536-b264-e72b0c5b571a,Female,48,Lake Michaelshire
fff892a5-b43f-4f19-b19a-1093e2b5e161,Female,31,Victoriafort
5e9984a4-0250-4287-a0bf-23c2639571ec,Female,70,Port Joy
636d66ca-3060-4dd2-8b8f-3f64c5026d05,Female,44,North Crystal
662d009b-2820-44fa-aaaf-ac00edaf6b85,Female,67,East Bryanside
ce65b2d4-057e-4aa4-b120-07bac9bc6294,Male,44,Briantown
1043612c-097f-481a-b404-0781a3a3d354,Female,61,South Kari
d3cb13c8-440f-48ec-88d9-b4024593ad57,Female,21,Michaelmouth
244c9bb2-3f4e-47ce-8cea-39e864f58529,Male,34,Lisaville
a38598ed-23c1-490c-9360-3256119c8c60,Female,18,Gouldfurt
1ae7e7c4-069b-4f58-96b7-1f254e170ded,Male,50,South Chad
7d9a9b1e-eea2-41af-bfdd-97bdaf481c87,Male,52,Whiteville
79a08096-1b20-4656-af8d-bba7956b0eda,Male,68,New Craigberg
3ec17725-bd54-4353-8e2b-f7f3f76ff13f,Female,43,West Lisamouth
157e3b4a-457a-46f5-9706-b500015a77c5,Male,66,South Emilyshire
0c01aec5-36b0-4021-9a4d-fb5b367764f6,Male,48,Justinport
1465ace9-2091-4483-bbf3-a92f061d323b,Female,69,Port John
70d464ff-8d8f-49ee-b53f-080c87eba882,Female,67,Ramseyview
f316ac37-f2a9-49b9-a01c-d5bc9ef65a26,Male,20,Molinahaven
8de0d5c4-83e4-4729-83b7-7c939a0f8e89,Female,30,Mcdowellshire
6b9ee8c6-2bfa-4909-b9e3-d96c709e3476,Male,21,Moodystad
93c0f533-6e7a-41fb-b881-5bae17912b16,Male,56,Susanside
5469007d-d9c7-454a-bfcd-cf75abd46452,Female,66,Lake Kyle
9e0178a0-0220-4572-acfb-1d08317dfe44,Male,62,West Christinechester
a4c0dd73-161d-4e29-9a13-33a3f5b2bd68,Male,52,South Elizabethmouth
f754a7f7-baaf-40d2-8dd0-944c2ab18935,Male,47,Goodmanfurt
0bb6f1d7-5dbe-4dac-af55-01fa7afdd7b5,Female,33,South Dan
c8603862-bfc1-4173-9a43-631ba8294589,Male,38,Powellfort
00c6fbea-ac50-4f3e-9627-1a95f77e10f8,Male,69,Allenland
e4ba7ea1-4b4e-48aa-bda6-2eab2b1eacfc,Female,42,Kaufmanton
f3ec4802-9b96-4a61-ade8-b303638df285,Male,25,Sethmouth
7e6ffa79-ba48-4800-af1b-8efa1b5fde81,Male,50,Boydhaven
13470e46-0cf2-48f5-b568-ee91bf339039,Female,22,Veronicaport
13ef989b-136f-4a33-8a3d-2ab94d09d504,Male,56,Heatherhaven
c566b9e0-a29e-44fe-a473-76151aa1cc0d,Male,67,South James
00400253-8af2-48e5-a770-921729ac402f,Female,20,Everettberg
c4ceb2f0-cc80-4862-97fd-2dc5b9e0a6e1,Female,66,Meltonstad
2039fcd0-bd90-419c-a116-d728ff9a9287,Male,26,Nicholston
4b282f4e-abd2-42d8-9858-70a1862d0890,Male,41,Port Ericbury
db1ef9b5-b6c5-4b56-9741-e031b4c7dc86,Male,62,Whiteville
24328591-f90e-4abe-b32e-1420adbc9379,Male,34,New Richardbury
0771c537-4cf7-40a2-90d0-0d202bd8e9a2,Female,33,New Carolview
12d23a9a-d3aa-48c6-a25b-26edecca28f9,Female,33,Port Kendraport
cce92a47-8be6-4547-92a2-c0baf38479c2,Male,50,West Jamie
2560651c-fa82-44b7-9b2a-78fa0325f8e9,Female,44,Lake Courtney
85cae16e-e8cf-4b0a-af2a-1a2bf4a48a01,Male,27,Mendozahaven
90dccc73-7580-425a-9c06-94c94b1539ba,Male,58,East Stephanie
408f7afc-f2a9-4b81-91d6-8763bbb91618,Male,34,Lake Johnborough
8fb0d750-8b17-4f97-89f1-e60de686c512,Female,45,North Colleenmouth
afd9b2cd-0481-4e82-b9e1-a7c29617f78c,Male,19,Port Peter
726ddf41-80b4-49e2-889e-cb6e7e88ab75,Male,61,Port Michael
7a8a113d-0855-42c7-9956-7318d8ac2185,Male,46,Lake Sarah
12d58eb5-0991-402c-8cc1-e86387ef5084,Female,61,Scottside
b30779bb-fa73-4258-bd01-ff60e9caf970,Male,40,South Amanda
dec93945-a113-4e90-ae53-1a93a701a766,Male,40,New Lisaside
357acb60-3de6-48aa-aabd-8a724d3a29d5,Female,24,Keithbury
c067266a-c1a7-4f2f-a7cb-6a7530f91fe0,Male,65,Sharonmouth
512871f0-aaf2-4b35-9ef0-cad6253d4f08,Male,43,West Brittany
b49ce18e-d8c1-4fd3-8bf8-140178e8656d,Male,39,Lake Tami
8b2c6948-9899-405a-8be8-722f5d3cb100,Female,37,Port Saramouth
dac441b1-661c-496c-adf4-cef745950e02,Male,20,East Donnaberg
f061187f-9f12-4f3c-b609-780a3ba59bca,Female,45,Nicolestad
51e533de-a6f8-4ece-b3d9-5c7b8025cabb,Male,30,Port Susanberg
5b6e68d0-e7aa-4b72-9250-ff497d2c8c97,Female,52,Karabury
81003ba8-0efa-44f1-adf5-4880cdafab41,Female,54,West Kathleenshire
38e98a43-6420-41d7-a6ec-3285cbf833c7,Female,47,South Heather
f2474934-c1ee-4908-81c1-07613d4d8fe8,Male,63,New Janice
69267428-de78-49d9-8548-6552ad8526ae,Female,47,West Sharonmouth
6fed22dc-6fe4-44cf-ba77-64fb54e254c3,Female,64,Jonesfurt
adcfc32b-8247-48a2-be67-9ef655b88714,Female,50,Port Kimberlymouth
39ac615c-5459-470e-a831-6a871bd239a1,Male,69,East Brendahaven
2c4c63ce-2401-49e5-b3b8-35bbdced17ea,Female,52,Leeshire
27848cf9-b9e6-4567-808f-61231539b212,Female,53,Paulhaven
5839aa3a-420f-4446-8f03-ee9dc3080c3c,Female,38,Greenfurt
e64d6b2b-16b1-4654-8265-ce2413c594aa,Male,27,Hortonshire
0077b765-70b0-478c-a96d-e6f225b21e2b,Male,67,Port Catherinemouth
7d07534f-1303-4d4f-9db1-19d7b8340869,Male,45,Billytown
80cf34e3-ea5f-46d2-a130-f30a9bb3f28e,Male,29,South Antonioland
e1b20790-2d41-4b1f-a6ba-37b09cb34783,Female,33,Sarahland
a14a310e-db46-4f56-b666-82a130bb459c,Male,37,Shaneville
ffac8428-cd92-4c95-b86b-6f82760b7fd1,Female,61,West Dakota
6dd4feb8-4fcd-465d-85d8-171a00c9f023,Female,40,Port Theresafurt
fafe56c1-1c74-40ec-bdef-78af95de2f92,Male,70,Sandraville
a9b50071-d3eb-4e92-a63d-405f4a4ae116,Female,21,South Deborah
6e9dc025-e61f-4a72-8f7f-c854ea36a258,Male,31,Harperport
6da22d98-8b0e-4e50-bcdf-1395210b8502,Female,30,Jeremyton
1928ee89-6533-4b10-9ee5-3b3bac20a1d7,Male,39,Smithville
bc805fc5-41f1-48e8-a3a1-d5728fa1e599,Female,52,Rogersburgh
5cff2e48-6784-4a90-adce-003d43cea197,Male,39,North Crystal
95e29ff6-f1aa-4d71-9b92-e3ac0b151ab3,Male,61,Lewisside
4a00a722-9e8f-48f0-b605-9b7ab9cd3cc5,Male,20,Taraville
5d659690-2fea-427c-b0d2-c5bb3bd1ff7e,Female,54,Brownfort
d709fe71-f547-4c2e-98ab-14576e4f4b5c,Female,56,Matthewbury
edc6df71-8308-4cf8-88ec-763a55519abd,Female,44,Port Donnastad
72979413-e274-4bad-8954-9f3e725aa4be,Female,36,Rosariomouth
8b042c7a-de37-4f27-9910-670fbf346522,Female,32,North Gerald
7ddff7dc-ba9a-4b28-8b3b-dfde18cb29b2,Female,50,New Michaelville
759b18e6-f6aa-47f1-aa52-7084e34cacbc,Female,38,Andrewmouth
4f0b017f-b602-435f-9c05-8fe7e9ef7e69,Female,43,Brianmouth
0f83f43e-9bf2-45dc-83c1-cfaa53313e58,Male,52,Lisamouth
8b337e3f-9e7d-479c-994f-90a0cb19b78d,Female,50,Ashleytown
f94d1304-37c6-4e39-975a-d1daa6aeabb6,Female,69,Lake Christineview
6a4e7dff-78cd-4679-887b-c8263cbb6f3f,Female,67,Nguyenport
1307ea07-9c00-4331-98db-dd86ff5d85c1,Male,54,North Michael
04f19f28-6ee8-48f8-bd42-d01c32f83e3e,Male,32,Port Elizabeth
92ee6a2c-b7b5-4790-88ce-6b92b54a4d01,Female,63,Kevinport
655317a3-a869-42f3-b886-a4b03a36c8fb,Female,39,New Tammy
ed21ef05-b4dc-4606-b434-2472ecedb4f2,Female,40,Tiffanyfurt
e12a530f-5d0d-4f5c-90a1-b2c4615fef25,Male,42,Port Christine
d29fa278-697f-44d0-a32d-15866e864552,Female,39,Barkertown
2d9078c3-f81f-4e38-a8c3-7a7706c8a9af,Female,56,West Jeffreybury
ff8ae8d7-8e7c-4ae0-95b1-fdd1c04994ec,Female,53,Navarroshire
047c105c-2534-4910-a1bc-8a9ffaf9973b,Female,20,Ryanhaven
b027c32e-5ae4-4989-8694-1b9764c6de38,Male,49,South Veronicaberg
7a9b63ea-41dc-43ff-afb7-2b27a47a87b4,Male,52,Wrightfort
d0dee233-4b6b-429d-9527-7dafa822c44c,Male,70,Duranberg
69a6b27d-1bf9-4be2-bf76-1a0d98a8a638,Female,64,Anthonyburgh
77cd8d95-dc2c-4460-a20b-867314dd2487,Male,41,South Robertfort
b81d6995-4f1c-4c74-aeeb-286c56c57cc2,Male,31,North Matthewfurt
b38fe5e4-89a6-486a-98e3-d70198d4ea11,Male,36,Amyport
2d9c3e1a-c90f-4eed-857d-5328a38cbe99,Female,41,Tracyburgh
357cbe36-6772-4d94-a0cb-898194596940,Female,40,Smithstad
973b8aae-025d-402f-bb6d-e1e2fd78898d,Female,66,North Albertborough
270101bf-9f0b-4a2f-85b5-31ac93172edb,Female,34,Ellismouth
2fb74128-09e0-48d0-ac17-a2ceb9094dca,Male,60,West Kevinbury
ef099e66-b489-4a22-b360-784fbf1a7f13,Female,67,Lake Dylanmouth
860ef7b3-1631-48f0-9ad9-aaa4535f33f8,Male,30,West Katherinestad
edc691f3-0a03-4e9c-881b-a2644a682c67,Female,68,Port Ashley
c7cdcc09-c224-4ba0-b751-c46db278de3e,Female,51,Savageville
486da2aa-d54a-43f4-8ecb-80f2cf3a9091,Male,25,Wongberg
1e673d04-fefa-43ad-92e8-ada8287efb5f,Male,60,Roberthaven
f9d60820-a1dc-4517-b4f6-66c30613bb1d,Male,25,Alvarezmouth
9149db48-a7e1-4791-b745-0b8b1ba2d41c,Female,29,South Alexandershire
d7380abe-c4e2-41fe-8fc1-a018a370f251,Female,46,Port Chadstad
29b3986e-4751-4f23-aba0-942b9fd4fc20,Female,23,Levyville
0f8431c2-50eb-4683-957c-0d366923bd67,Female,30,East Julie
f4a21f1a-b5e6-48ef-88ee-f7c594d3589f,Female,62,Lake Williambury
a2e7e344-9531-4ee4-9ce4-4a8dee2a3b59,Male,63,Terryville
8214d2e6-5e85-4d05-8ad4-ad764a78c0e1,Male,26,New Jennifer
9fe743a7-3299-4d15-aad2-8fdc8d8bdb38,Female,44,North Crystaltown
3f45637d-1c82-42db-9856-a6f950a89f8a,Male,59,Caldwelltown
e31e5887-699e-46c9-a3c7-34903a48e7bc,Female,68,South Jenniferchester
922dc294-2672-4806-82af-04eb99dc2a2e,Female,63,Nicholsfurt
e6946fa9-4101-41fd-82f0-760d80618286,Male,57,Kennethchester
c78896fb-08d1-438b-8349-2d9b4e6fea23,Female,59,Harriston
d97b4576-aacc-4bfa-ba35-53e04b89ebe2,Female,63,East Hayleyburgh
07f12d0f-dbb7-45a0-8521-9b87cf74deba,Female,19,East Anita
35b39c65-13d6-4dfb-920d-9637fce398b5,Female,53,South Bobbyborough
6463e1ec-d835-48a8-b8a2-d6b23ac7a17a,Female,28,Johnsonhaven
13187ee3-5d9a-4d56-a680-3d0cce8a269c,Male,69,Tyronestad
1bd74260-3cc4-4e34-a6ed-7111e5dc25a8,Male,61,South Thomas
6c09c890-6918-4ce9-8252-d525745ae532,Male,24,Schmidtstad
b52b935d-05e7-4e1e-a3eb-5f5e860e4de1,Female,24,West Karinachester
ee078d0e-fdf5-4f8c-a61e-21be4fa86b0b,Female,26,East Geoffrey
a4001f83-428d-4f4b-89c8-4ba981686b60,Female,49,Lake Valeriechester
4754f141-0595-4856-814d-a78b3e045762,Male,38,Russellland
17ba7016-05a6-460f-84de-e073f71cf730,Male,26,East Susan
b5e8ea48-4e42-4869-be45-4a00a078413c,Male,64,Davistown
ed0b88d5-0171-4411-80d8-af9d685efbf2,Female,64,Greenville
b260075b-db2c-482c-8c90-00cc7475d4aa,Female,50,Port Stephaniefort
18c2c51d-c473-4726-9d79-f3dbf734f49f,Female,22,North Sharon
fd74d00e-cc4f-4e46-ae7e-1f6da5d17d32,Female,63,Santanafurt
4302e675-1cee-4bd7-b968-d8e9cd523168,Male,44,New Jerry
c44530bb-6c73-4ac5-bdd4-c177b2f2f96c,Female,23,Bellbury
25b1c973-ee1f-437c-87a4-0f52146e7bb1,Female,22,Krauseburgh
653c1a11-4714-4c10-8e40-60f2c66a0183,Male,70,Port Geraldberg
6ece78d5-b949-4ac7-a75b-29635cee3ebd,Female,60,Newmanville
01fc82d0-356f-443f-9562-8aa6c4e628f8,Female,60,Sandraport
c18f0342-01d7-41f8-ad59-3769939db7c1,Female,69,Velezview
c2655d81-7473-4a0b-a0be-4e952c036446,Female,33,East Darlenechester
a8a97721-72b7-4811-a12c-eba4842f5a6b,Female,22,Stewartborough
229f8b5b-28b5-47d1-bd05-548bc3b5ff26,Female,55,Christianmouth
6c44ef0b-56f9-4e72-9032-98d9feba9bf7,Female,60,Buckfort
39b8af30-8d8a-4761-a66c-717d4729ed67,Female,57,New Johnborough
9df6277c-e3e6-4260-9a02-ef66172b1211,Male,28,Henryport
ea431609-3e89-48a4-91cb-d3f13f5bdb85,Male,49,Reesechester
aa78d7ff-bb69-41e8-a29b-dad18448f706,Female,27,South Maryshire
c26068f6-c358-4651-8d39-de2e997dbd31,Male,37,Johntown
602ce47f-5290-478c-bb5e-cd25b98f1a8c,Male,52,Bonnieport
dab1a41c-70c3-4094-9d8b-c63299918683,Male,63,North Ericchester
84cbfaf2-8905-435e-b1f0-2989f7e1c470,Male,44,Thomaston
d608923f-79ca-4032-96ef-01bf205ec2e8,Female,47,Masonfurt
d186712d-03ce-4da3-aee2-12603ed2e3eb,Male,30,Nguyentown
67807304-f039-4a33-8cd4-8a03b655b518,Male,69,Joshuaside
d4f11631-b074-4201-85bd-f269b062e173,Female,24,Ronaldfort
2233224c-0c73-4cfa-b89a-978836e5b642,Female,52,Rosalesview
2535da02-1844-476c-b16e-741b77d9be85,Female,41,Jacobsonton
9e2c1d26-437a-45e3-b3a9-08657b724af4,Male,26,Stephaniehaven
b3d8a69f-7687-46f2-9034-27288baf4eea,Female,41,Jeffreyport
7f881a0b-391b-4ae1-b95d-ada798d32af6,Female,66,Port Kyle
f2f3e1e0-0333-4f84-b60b-19dfc6ed07ad,Female,37,West Carrie
3f2c365d-6af2-4bed-946a-52c1478f1991,Male,54,West Crystalville
d0475984-a64d-4732-9820-177bd01cfd3b,Male,32,Sierraville
7b7825a2-f633-4690-82b3-f3c235a989d5,Female,35,West Olivia
18b384be-947b-40be-af59-8aad88fa9bdd,Male,50,North Amberchester
fd95a1d2-732c-419d-b423-8dc9a147d6b9,Male,30,Josephview
3fa9728f-89bd-45c0-bf12-2a24e09ce135,Male,28,South Jasonfort
55c30d42-24ff-4f55-a922-90d1e28682ce,Male,29,East Alexanderchester
de99dc10-77ca-4120-911f-3d92b199de84,Male,62,Clarkehaven
66b26a5e-d090-4fbf-accb-07f023e83aab,Male,69,Cookstad
e60406bd-beab-49cb-b382-db2b6ebbd5c3,Female,53,Port Chad
0a6d41d4-48e7-432d-88b7-d2db5f216713,Female,25,Gordonstad
95547b9e-0c54-4fb4-94ef-a243a4aff184,Male,55,Port Jimmytown
6e6c5489-9368-4622-a1df-bc60feeb1d9c,Male,42,West Krista
c2df6b3e-a034-4fb5-b7bb-2c24768ba5e7,Female,21,Bryanshire
8277b519-8879-4795-959b-b2ecc50f8f9c,Male,40,Port Johnfort
da06d31c-0aeb-464c-82b0-d06d2d8f9853,Male,23,Randyfort
23e349c5-9175-417d-8334-c2defd94fa67,Female,29,Bakerside
